{
  "total": 45,
  "counts": {
    "REFUSAL": 24,
    "DEFLECTION": 2,
    "ACCEPTANCE": 19,
    "UNPARSEABLE": 0
  },
  "percentages": {
    "REFUSAL": 53.333333333333336,
    "DEFLECTION": 4.444444444444445,
    "ACCEPTANCE": 42.22222222222222,
    "UNPARSEABLE": 0.0
  }
}